{
    "Adobe.txt": 20.17118093700758,
    "Amazon.txt": 19.23279777899325,
    "Binance.txt": 18.208510175141445,
    "Dell.txt": 23.48821941637366,
    "Discord.txt": 18.202496820144713,
    "HP.txt": 19.169629443201206,
    "Lenovo.txt": 19.131307097036135,
    "Ola.txt": 21.74021117882312,
    "Uber.txt": 19.124164925455602,
    "apple.txt": 18.148900790998013,
    "bing.txt": 19.568768868793143,
    "blackberry.txt": 20.731523987043847,
    "canva.txt": 16.761727007524772,
    "flipkart.txt": 17.365803647653014,
    "google.txt": 28.500766103215266,
    "huawei.txt": 17.549648277956404,
    "instagram.txt": 18.50219712193922,
    "levis.txt": 15.437080700648007,
    "messenger.txt": 20.618775972789365,
    "microsoft.txt": 21.266161740212645,
    "motorola.txt": 20.746450106787854,
    "nike.txt": 22.629880071255595,
    "nokia.txt": 17.500165153123255,
    "operating.txt": 18.876766369721093,
    "paypal.txt": 17.29775392039289,
    "puma.txt": 17.216214704957164,
    "reddit.txt": 22.391940957140182,
    "reliance.txt": 19.396948731682546,
    "samsung.txt": 15.373989509682835,
    "shakespeare.txt": 20.72155502025429,
    "skype.txt": 16.952901303372304,
    "sony.txt": 22.437322016700683,
    "spotify.txt": 16.37889004020503,
    "steam.txt": 18.196624729824165,
    "swiggy.txt": 15.694452638863554,
    "telegram.txt": 17.9685007843963,
    "volkswagen.txt": 17.902536483086188,
    "whatsapp.txt": 20.76687906352635,
    "yahoo.txt": 16.53381770754053,
    "youtube.txt": 19.83890044252019,
    "zomato.txt": 25.95940210785254
}